{
  "version": 2,
  "builds": [
    {
      "src": "next.config.ts",
      "use": "@vercel/next"
    }
  ],
  "routes": [
    {
      "src": "/api/(.*)",
      "dest": "/app/api/$1"
    },
    {
      "src": "/(.*)",
      "dest": "/app/$1"
    }
  ],
  "env": {
    "NEXTAUTH_URL": "@nextauth_url",
    "NEXTAUTH_SECRET": "@nextauth_secret",
    "GITHUB_CLIENT_ID": "@github_client_id",
    "GITHUB_CLIENT_SECRET": "@github_client_secret",
    "GOOGLE_CLIENT_ID": "@google_client_id",
    "GOOGLE_CLIENT_SECRET": "@google_client_secret",
    "GEMINI_API_KEY": "@gemini_api_key",
    "DATABASE_URL": "@database_url",
    "ADSENSE_CLIENT_ID": "@adsense_client_id"
  },
  "build": {
    "env": {
      "NEXTAUTH_URL": "@nextauth_url",
      "NEXTAUTH_SECRET": "@nextauth_secret",
      "GITHUB_CLIENT_ID": "@github_client_id",
      "GITHUB_CLIENT_SECRET": "@github_client_secret",
      "GOOGLE_CLIENT_ID": "@google_client_id",
      "GOOGLE_CLIENT_SECRET": "@google_client_secret",
      "GEMINI_API_KEY": "@gemini_api_key",
      "DATABASE_URL": "@database_url",
      "ADSENSE_CLIENT_ID": "@adsense_client_id"
    }
  }
}