{
  "version": 2,
  "builds": [
    {
      "src": "package.json",
      "use": "@vercel/static-build",
      "config": {
        "distDir": "dist"
      }
    },
    {
      "src": "server/**/*.js",
      "use": "@vercel/node"
    }
  ],
  "routes": [
    {
      "src": "/api/(.*)",
      "dest": "/server/api/$1"
    },
    {
      "src": "/(.*)",
      "dest": "/dist/$1"
    }
  ],
  "env": {
    "NODE_ENV": "production"
  },
  "build": {
    "env": {
      "NODE_ENV": "production"
    }
  },
  "functions": {
    "server/api/**/*.js": {
      "maxDuration": 30
    }
  },
  "regions": ["bom1"],
  "public": true,
  "cleanUrls": true,
  "trailingSlash": false,
  "headers": [
    {
      "source": "/(.*)",
      "headers": [
        {
          "key": "X-Content-Type-Options",
          "value": "nosniff"
        },
        {
          "key": "X-Frame-Options",
          "value": "DENY"
        },
        {
          "key": "X-XSS-Protection",
          "value": "1; mode=block"
        },
        {
          "key": "Referrer-Policy",
          "value": "origin-when-cross-origin"
        },
        {
          "key": "Permissions-Policy",
          "value": "camera=(), microphone=(), geolocation=()"
        }
      ]
    },
    {
      "source": "/api/(.*)",
      "headers": [
        {
          "key": "Cache-Control",
          "value": "public, max-age=0, must-revalidate"
        }
      ]
    },
    {
      "source": "/static/(.*)",
      "headers": [
        {
          "key": "Cache-Control",
          "value": "public, max-age=31536000, immutable"
        }
      ]
    }
  ],
  "redirects": [
    {
      "source": "/github",
      "destination": "https://github.com/yourusername/codeguardian-pro",
      "permanent": true
    },
    {
      "source": "/docs",
      "destination": "/api/docs",
      "permanent": false
    }
  ],
  "rewrites": [
    {
      "source": "/api/auth/:path*",
      "destination": "/server/api/auth/:path*"
    },
    {
      "source": "/api/upload/:path*",
      "destination": "/server/api/upload/:path*"
    },
    {
      "source": "/api/analyze/:path*",
      "destination": "/server/api/analysis/:path*"
    },
    {
      "source": "/api/projects/:path*",
      "destination": "/server/api/projects/:path*"
    },
    {
      "source": "/api/download/:path*",
      "destination": "/server/api/download/:path*"
    },
    {
      "source": "/api/user/:path*",
      "destination": "/server/api/user/:path*"
    },
    {
      "source": "/api/analytics/:path*",
      "destination": "/server/api/analytics/:path*"
    },
    {
      "source": "/((?!api|static|.*\\..*).*)",
      "destination": "/dist/index.html"
    }
  ],
  "outputDirectory": "dist",
  "installCommand": "npm install",
  "buildCommand": "npm run build",
  "devCommand": "npm run dev",
  "framework": "vite",
  "github": {
    "enabled": true,
    "autoAlias": true,
    "silent": false
  },
  "crons": [
    {
      "path": "/api/analytics/cleanup",
      "schedule": "0 2 * * *"
    }
  ]
}